id,make,model,year,trim,price,fuel,body
FO-001,Ford,Mustang,2019,EX,48694,Hybrid,SUV
FO-002,Ford,Focus,2024,EX,24647,Diesel,Coupe
HY-003,Hyundai,i20,2020,SX,26085,Electric,Hatchback
TO-004,Toyota,Camry,2016,HTX,23817,Petrol,Hatchback
TO-005,Toyota,RAV4,2022,EX,23091,Petrol,SUV
KI-006,Kia,Sonet,2017,VX,26099,Petrol,SUV
TO-007,Toyota,Camry,2019,VX,17701,Electric,Coupe
HY-008,Hyundai,i20,2024,SX,17162,Diesel,SUV
HY-009,Hyundai,Creta,2018,HTX,48708,Diesel,SUV
HY-010,Hyundai,Verna,2016,HTX,28833,Diesel,Sedan
KI-011,Kia,Sonet,2015,VX,29943,Petrol,Sedan
TO-012,Toyota,RAV4,2022,VX,19056,Petrol,Sedan
TO-013,Toyota,RAV4,2019,HTX,25242,Diesel,Sedan
TO-014,Toyota,RAV4,2024,VX,25317,Diesel,Sedan
KI-015,Kia,Seltos,2024,SE,38497,Hybrid,Coupe
KI-016,Kia,Sonet,2022,SX,29763,Electric,SUV
FO-017,Ford,Escape,2023,XLE,17669,Diesel,Hatchback
KI-018,Kia,Sportage,2019,SE,39621,Petrol,Coupe
HO-019,Honda,City,2021,LE,30422,Electric,Sedan
FO-020,Ford,Focus,2023,SE,35175,Electric,SUV
TO-021,Toyota,Corolla,2024,SX,32499,Electric,Coupe
HO-022,Honda,Civic,2020,XLE,30897,Electric,Coupe
TO-023,Toyota,Corolla,2020,SX,22253,Diesel,Coupe
KI-024,Kia,Seltos,2022,VX,32453,Hybrid,Coupe
TO-025,Toyota,Camry,2016,HTX,15891,Diesel,Sedan
KI-026,Kia,Sportage,2018,EX,48975,Petrol,SUV
HY-027,Hyundai,Verna,2019,SE,16656,Electric,Coupe
FO-028,Ford,Escape,2017,LE,36504,Hybrid,Coupe
FO-029,Ford,Mustang,2022,SE,15094,Diesel,Coupe
TO-030,Toyota,Corolla,2021,VX,23364,Electric,Hatchback
TO-031,Toyota,Corolla,2021,LE,32704,Diesel,Hatchback
KI-032,Kia,Sonet,2023,HTX,49183,Electric,Coupe
KI-033,Kia,Seltos,2015,XLE,24959,Petrol,Hatchback
FO-034,Ford,Mustang,2020,VX,46082,Diesel,Sedan
TO-035,Toyota,Corolla,2020,VX,41588,Petrol,Coupe
FO-036,Ford,Mustang,2019,LE,26609,Electric,Sedan
FO-037,Ford,Mustang,2017,LE,17033,Hybrid,SUV
FO-038,Ford,Escape,2022,SE,29748,Electric,Sedan
TO-039,Toyota,Camry,2015,VX,39584,Electric,Hatchback
KI-040,Kia,Seltos,2019,HTX,44645,Hybrid,Sedan
HY-041,Hyundai,Creta,2021,EX,37321,Hybrid,Sedan
FO-042,Ford,Escape,2018,SE,18694,Petrol,SUV
HO-043,Honda,City,2024,SX,16149,Hybrid,Sedan
KI-044,Kia,Sonet,2024,SE,45626,Electric,Hatchback
KI-045,Kia,Sonet,2019,XLE,47249,Hybrid,Hatchback
HO-046,Honda,City,2015,EX,37990,Electric,Sedan
KI-047,Kia,Seltos,2016,LE,39111,Electric,Sedan
HO-048,Honda,Civic,2022,EX,30749,Diesel,Sedan
HY-049,Hyundai,Creta,2020,SE,33744,Hybrid,Hatchback
FO-050,Ford,Focus,2018,EX,47443,Petrol,Hatchback
KI-051,Kia,Sonet,2019,EX,27419,Petrol,SUV
HY-052,Hyundai,i20,2018,HTX,37116,Petrol,Coupe
TO-053,Toyota,Corolla,2017,SE,24768,Electric,SUV
KI-054,Kia,Sportage,2019,XLE,21024,Petrol,SUV
HO-055,Honda,City,2015,HTX,26315,Petrol,Sedan
HO-056,Honda,CR-V,2020,VX,33197,Petrol,Hatchback
FO-057,Ford,Escape,2017,SX,43143,Hybrid,Hatchback
FO-058,Ford,Focus,2016,VX,46978,Hybrid,Hatchback
FO-059,Ford,Mustang,2023,VX,29578,Hybrid,Sedan
TO-060,Toyota,Corolla,2015,XLE,33101,Diesel,SUV
KI-061,Kia,Sonet,2016,XLE,23915,Petrol,Coupe
HO-062,Honda,CR-V,2015,XLE,25632,Hybrid,Hatchback
FO-063,Ford,Mustang,2015,SE,18099,Electric,Hatchback
KI-064,Kia,Sonet,2017,EX,16268,Petrol,SUV
TO-065,Toyota,Camry,2022,SX,45390,Diesel,SUV
HY-066,Hyundai,i20,2018,VX,20173,Hybrid,SUV
HO-067,Honda,Civic,2018,EX,34039,Hybrid,Hatchback
KI-068,Kia,Sonet,2016,XLE,43764,Diesel,Hatchback
HO-069,Honda,Civic,2016,SX,19354,Petrol,Sedan
TO-070,Toyota,Corolla,2021,XLE,46497,Diesel,Coupe
TO-071,Toyota,RAV4,2021,VX,35183,Petrol,Sedan
FO-072,Ford,Mustang,2020,SX,43084,Petrol,Coupe
FO-073,Ford,Escape,2022,EX,22759,Petrol,SUV
HY-074,Hyundai,Verna,2017,XLE,36844,Petrol,SUV
HO-075,Honda,Civic,2022,EX,48320,Petrol,Coupe
HY-076,Hyundai,i20,2019,VX,19157,Electric,SUV
TO-077,Toyota,Camry,2018,XLE,40519,Petrol,Hatchback
TO-078,Toyota,Corolla,2018,HTX,30962,Electric,Coupe
KI-079,Kia,Sonet,2022,VX,39983,Petrol,Coupe
FO-080,Ford,Escape,2018,VX,41173,Petrol,SUV
FO-081,Ford,Focus,2022,XLE,15088,Hybrid,SUV
HO-082,Honda,City,2021,HTX,27857,Hybrid,Hatchback
HO-083,Honda,City,2015,SX,28177,Electric,SUV
TO-084,Toyota,Corolla,2021,XLE,25588,Electric,Sedan
KI-085,Kia,Seltos,2023,HTX,47518,Electric,Hatchback
FO-086,Ford,Escape,2022,LE,23239,Electric,Hatchback
HO-087,Honda,CR-V,2017,VX,46772,Diesel,Sedan
TO-088,Toyota,RAV4,2017,XLE,18661,Electric,SUV
KI-089,Kia,Sportage,2023,HTX,30915,Electric,Sedan
TO-090,Toyota,Camry,2018,VX,18901,Electric,Hatchback
KI-091,Kia,Sportage,2018,XLE,45659,Diesel,Hatchback
KI-092,Kia,Sportage,2015,SE,18343,Diesel,Sedan
HO-093,Honda,City,2017,LE,36669,Hybrid,Sedan
HY-094,Hyundai,Verna,2017,HTX,35521,Electric,Sedan
HO-095,Honda,Civic,2019,SX,35846,Diesel,Hatchback
HY-096,Hyundai,Creta,2017,VX,16404,Hybrid,Hatchback
HY-097,Hyundai,Verna,2019,LE,44565,Hybrid,SUV
HO-098,Honda,Civic,2023,VX,36046,Petrol,Sedan
HO-099,Honda,City,2018,SE,31481,Hybrid,Coupe
KI-100,Kia,Sonet,2022,LE,17938,Petrol,Sedan
HO-101,Honda,CR-V,2016,EX,37779,Hybrid,Sedan
KI-102,Kia,Sportage,2019,LE,29334,Hybrid,Coupe
HO-103,Honda,City,2016,EX,45034,Petrol,Hatchback
KI-104,Kia,Seltos,2019,LE,33343,Hybrid,Sedan
TO-105,Toyota,RAV4,2018,VX,42611,Petrol,Hatchback
KI-106,Kia,Sonet,2017,XLE,30114,Electric,Coupe
KI-107,Kia,Seltos,2022,EX,16428,Electric,Coupe
HY-108,Hyundai,Verna,2023,LE,36227,Hybrid,Coupe
TO-109,Toyota,Camry,2017,SX,48226,Electric,Sedan
TO-110,Toyota,Camry,2017,HTX,23299,Petrol,SUV
TO-111,Toyota,Camry,2022,VX,31796,Electric,SUV
HY-112,Hyundai,i20,2021,HTX,35916,Electric,Sedan
TO-113,Toyota,Corolla,2021,SE,36532,Petrol,Hatchback
TO-114,Toyota,RAV4,2023,VX,25362,Petrol,Hatchback
TO-115,Toyota,Camry,2015,VX,36418,Hybrid,Hatchback
TO-116,Toyota,Camry,2022,SX,39467,Diesel,Hatchback
HO-117,Honda,Civic,2024,HTX,34079,Electric,Coupe
HY-118,Hyundai,Verna,2018,VX,26516,Petrol,SUV
KI-119,Kia,Seltos,2019,SX,16379,Electric,SUV
KI-120,Kia,Sonet,2016,HTX,17715,Diesel,SUV
TO-121,Toyota,RAV4,2015,HTX,47913,Electric,Hatchback
HO-122,Honda,Civic,2018,SE,42288,Petrol,SUV
HO-123,Honda,Civic,2017,LE,38200,Electric,Coupe
HY-124,Hyundai,i20,2015,XLE,15897,Diesel,Sedan
HY-125,Hyundai,Creta,2016,VX,45163,Diesel,Coupe
HO-126,Honda,CR-V,2015,SE,25262,Diesel,Sedan
HY-127,Hyundai,Verna,2016,EX,37071,Electric,Sedan
FO-128,Ford,Escape,2022,VX,32864,Hybrid,SUV
HO-129,Honda,City,2023,LE,24267,Electric,Hatchback
HO-130,Honda,CR-V,2019,SX,42525,Diesel,Hatchback
KI-131,Kia,Sportage,2019,VX,45274,Petrol,SUV
HY-132,Hyundai,Creta,2021,SE,19906,Petrol,SUV
FO-133,Ford,Mustang,2023,LE,36919,Petrol,SUV
HY-134,Hyundai,Verna,2023,LE,36500,Diesel,SUV
TO-135,Toyota,Corolla,2024,SE,18283,Electric,Sedan
HY-136,Hyundai,Verna,2021,EX,17871,Electric,Coupe
HY-137,Hyundai,i20,2024,VX,41408,Hybrid,Hatchback
TO-138,Toyota,RAV4,2024,XLE,40452,Hybrid,Sedan
FO-139,Ford,Escape,2019,VX,44692,Electric,Hatchback
KI-140,Kia,Sonet,2020,SX,33341,Petrol,Sedan
TO-141,Toyota,Camry,2016,XLE,49271,Hybrid,SUV
KI-142,Kia,Sportage,2016,SX,42297,Hybrid,Coupe
KI-143,Kia,Sportage,2021,EX,42677,Diesel,Hatchback
FO-144,Ford,Mustang,2022,HTX,21559,Petrol,Coupe
TO-145,Toyota,Corolla,2015,EX,46041,Petrol,Hatchback
TO-146,Toyota,RAV4,2016,HTX,49857,Petrol,Coupe
HO-147,Honda,Civic,2024,VX,47012,Electric,Hatchback
TO-148,Toyota,Corolla,2024,HTX,35384,Diesel,Sedan
TO-149,Toyota,RAV4,2023,SX,39132,Electric,Sedan
HO-150,Honda,CR-V,2018,EX,18227,Hybrid,Coupe
HY-151,Hyundai,i20,2016,XLE,43569,Electric,Sedan
HO-152,Honda,Civic,2022,XLE,17347,Petrol,Coupe
TO-153,Toyota,Camry,2020,EX,40781,Diesel,Coupe
HY-154,Hyundai,i20,2019,HTX,45005,Hybrid,Coupe
HY-155,Hyundai,Verna,2023,LE,35925,Diesel,Hatchback
HY-156,Hyundai,Creta,2022,VX,36235,Electric,Hatchback
TO-157,Toyota,Camry,2023,EX,40036,Diesel,SUV
HO-158,Honda,Civic,2018,EX,41029,Diesel,Sedan
HO-159,Honda,Civic,2018,SX,21550,Petrol,Sedan
HY-160,Hyundai,Verna,2019,SX,38143,Hybrid,SUV
TO-161,Toyota,Camry,2015,HTX,36516,Petrol,Coupe
KI-162,Kia,Sportage,2016,EX,46644,Diesel,Coupe
FO-163,Ford,Escape,2016,VX,35976,Petrol,SUV
HO-164,Honda,Civic,2022,VX,47129,Petrol,Sedan
FO-165,Ford,Escape,2024,SX,29848,Petrol,Coupe
TO-166,Toyota,Corolla,2024,SE,22264,Diesel,Hatchback
FO-167,Ford,Mustang,2024,EX,15522,Diesel,Sedan
FO-168,Ford,Mustang,2023,EX,40547,Hybrid,Sedan
FO-169,Ford,Mustang,2015,SX,33780,Electric,SUV
HY-170,Hyundai,Creta,2015,VX,15123,Diesel,SUV
FO-171,Ford,Escape,2017,SX,37058,Electric,SUV
KI-172,Kia,Sportage,2018,EX,41629,Electric,Hatchback
HO-173,Honda,CR-V,2021,VX,15232,Diesel,Hatchback
KI-174,Kia,Sonet,2016,HTX,39790,Petrol,Coupe
TO-175,Toyota,RAV4,2018,SE,47443,Hybrid,SUV
KI-176,Kia,Sportage,2018,EX,21490,Hybrid,Hatchback
FO-177,Ford,Escape,2018,SX,45180,Diesel,SUV
HO-178,Honda,CR-V,2019,LE,36917,Hybrid,Coupe
HY-179,Hyundai,i20,2022,LE,15894,Hybrid,Sedan
TO-180,Toyota,Corolla,2017,SE,43644,Hybrid,Hatchback
TO-181,Toyota,Camry,2022,SE,29893,Hybrid,Coupe
TO-182,Toyota,Camry,2019,HTX,24248,Diesel,Coupe
HY-183,Hyundai,Creta,2015,EX,46773,Diesel,SUV
FO-184,Ford,Escape,2019,VX,18219,Petrol,SUV
HO-185,Honda,CR-V,2016,SE,26856,Hybrid,SUV
FO-186,Ford,Mustang,2023,SE,30664,Hybrid,Sedan
KI-187,Kia,Sonet,2016,LE,15012,Electric,Coupe
FO-188,Ford,Focus,2016,HTX,37161,Hybrid,Hatchback
HY-189,Hyundai,i20,2023,VX,40258,Petrol,Coupe
FO-190,Ford,Focus,2023,XLE,18132,Hybrid,Hatchback
TO-191,Toyota,RAV4,2017,EX,33989,Diesel,SUV
HY-192,Hyundai,Creta,2021,EX,21347,Petrol,Sedan
FO-193,Ford,Focus,2019,VX,26674,Electric,Hatchback
HY-194,Hyundai,i20,2020,VX,41508,Petrol,SUV
HY-195,Hyundai,Verna,2015,SX,41064,Petrol,Hatchback
TO-196,Toyota,Camry,2018,VX,41916,Petrol,Coupe
HY-197,Hyundai,i20,2022,HTX,47932,Hybrid,Sedan
KI-198,Kia,Sportage,2022,SE,18153,Diesel,SUV
TO-199,Toyota,Camry,2016,LE,19104,Diesel,SUV
HY-200,Hyundai,Creta,2023,LE,17016,Diesel,Hatchback
HY-201,Hyundai,i20,2021,LE,21486,Hybrid,SUV
FO-202,Ford,Escape,2024,HTX,34144,Diesel,Coupe
HO-203,Honda,City,2021,XLE,19793,Electric,SUV
HY-204,Hyundai,Creta,2021,SE,15824,Hybrid,Coupe
FO-205,Ford,Escape,2023,VX,19571,Electric,Hatchback
HY-206,Hyundai,Verna,2019,VX,16293,Electric,Sedan
FO-207,Ford,Escape,2022,SE,39544,Hybrid,Hatchback
HO-208,Honda,City,2023,VX,28167,Electric,SUV
TO-209,Toyota,Corolla,2017,HTX,32383,Hybrid,Hatchback
HO-210,Honda,City,2024,SE,21314,Petrol,Hatchback
HY-211,Hyundai,Verna,2021,HTX,39864,Electric,Coupe
HY-212,Hyundai,i20,2022,HTX,48425,Hybrid,Hatchback
HY-213,Hyundai,Verna,2024,EX,40646,Diesel,Sedan
HO-214,Honda,City,2016,SX,39170,Electric,Coupe
KI-215,Kia,Seltos,2019,HTX,35894,Hybrid,Hatchback
FO-216,Ford,Mustang,2024,EX,34864,Petrol,SUV
HY-217,Hyundai,i20,2024,SX,18417,Petrol,Sedan
FO-218,Ford,Mustang,2024,SE,20386,Petrol,SUV
TO-219,Toyota,Corolla,2015,HTX,18017,Hybrid,Coupe
TO-220,Toyota,RAV4,2024,VX,18962,Petrol,Hatchback
HO-221,Honda,Civic,2017,LE,20771,Petrol,Coupe
FO-222,Ford,Mustang,2020,VX,17580,Hybrid,Coupe
TO-223,Toyota,Camry,2019,SX,47715,Hybrid,Sedan
HY-224,Hyundai,Verna,2018,HTX,28872,Hybrid,Coupe
HO-225,Honda,City,2023,VX,30690,Diesel,Hatchback
TO-226,Toyota,Corolla,2017,EX,24648,Petrol,Coupe
HY-227,Hyundai,i20,2024,VX,16735,Diesel,Hatchback
KI-228,Kia,Sonet,2018,HTX,48430,Hybrid,SUV
HY-229,Hyundai,Verna,2021,HTX,28980,Petrol,Sedan
HO-230,Honda,Civic,2018,LE,20034,Electric,SUV
KI-231,Kia,Sportage,2021,LE,27529,Diesel,SUV
FO-232,Ford,Focus,2020,SX,38530,Hybrid,Coupe
TO-233,Toyota,Camry,2020,VX,47973,Hybrid,Sedan
KI-234,Kia,Sonet,2019,VX,20822,Hybrid,Coupe
TO-235,Toyota,Corolla,2022,EX,30283,Hybrid,Sedan
KI-236,Kia,Sportage,2020,SX,23041,Petrol,Hatchback
TO-237,Toyota,Corolla,2018,VX,16437,Diesel,Sedan
KI-238,Kia,Sportage,2022,VX,27469,Hybrid,Coupe
FO-239,Ford,Focus,2023,LE,26759,Hybrid,Coupe
HY-240,Hyundai,Verna,2020,SE,15325,Diesel,Sedan
TO-241,Toyota,Camry,2017,EX,25968,Petrol,Sedan
KI-242,Kia,Sportage,2023,VX,49717,Petrol,Coupe
KI-243,Kia,Sonet,2021,XLE,18292,Petrol,SUV
HY-244,Hyundai,Creta,2017,SE,19226,Diesel,Hatchback
HO-245,Honda,City,2023,VX,17323,Diesel,Coupe
HY-246,Hyundai,Verna,2023,HTX,34249,Hybrid,Sedan
TO-247,Toyota,Camry,2022,SE,34792,Electric,SUV
TO-248,Toyota,Corolla,2018,EX,46483,Electric,Hatchback
KI-249,Kia,Sportage,2015,SE,20669,Diesel,Hatchback
HO-250,Honda,City,2024,EX,30445,Electric,Coupe
KI-251,Kia,Sportage,2015,XLE,24393,Petrol,Coupe
HO-252,Honda,City,2023,LE,19304,Hybrid,SUV
TO-253,Toyota,RAV4,2020,LE,43289,Hybrid,Coupe
TO-254,Toyota,Camry,2023,EX,46134,Electric,Sedan
HO-255,Honda,CR-V,2016,SX,33179,Hybrid,Hatchback
HO-256,Honda,Civic,2023,XLE,35744,Diesel,SUV
KI-257,Kia,Seltos,2016,HTX,44596,Petrol,SUV
HY-258,Hyundai,Creta,2020,SX,15579,Hybrid,SUV
HY-259,Hyundai,i20,2017,HTX,41503,Electric,Sedan
KI-260,Kia,Seltos,2019,HTX,27696,Electric,SUV
TO-261,Toyota,RAV4,2017,SX,33768,Electric,Sedan
KI-262,Kia,Seltos,2022,SE,46324,Electric,SUV
HO-263,Honda,CR-V,2019,SX,35602,Diesel,Coupe
KI-264,Kia,Seltos,2023,VX,16134,Petrol,Hatchback
HO-265,Honda,Civic,2015,HTX,39796,Hybrid,Sedan
KI-266,Kia,Sportage,2024,XLE,28369,Electric,Sedan
HY-267,Hyundai,Creta,2015,VX,35843,Petrol,Coupe
FO-268,Ford,Mustang,2017,LE,43113,Petrol,Hatchback
KI-269,Kia,Seltos,2019,EX,15479,Petrol,Coupe
KI-270,Kia,Seltos,2017,LE,46664,Diesel,Hatchback
TO-271,Toyota,Camry,2024,SE,39165,Electric,Sedan
FO-272,Ford,Mustang,2018,SE,20858,Diesel,Coupe
KI-273,Kia,Sonet,2021,XLE,45786,Petrol,SUV
TO-274,Toyota,Camry,2024,LE,42050,Electric,Sedan
HY-275,Hyundai,i20,2015,VX,36411,Diesel,Sedan
HO-276,Honda,City,2023,SE,15891,Diesel,Hatchback
KI-277,Kia,Sportage,2017,SE,41693,Diesel,Sedan
FO-278,Ford,Mustang,2018,SX,42303,Petrol,SUV
TO-279,Toyota,Corolla,2020,SE,28902,Petrol,Sedan
FO-280,Ford,Escape,2018,EX,42564,Hybrid,Sedan
HO-281,Honda,City,2015,SE,24506,Petrol,SUV
TO-282,Toyota,RAV4,2016,EX,32972,Diesel,SUV
HO-283,Honda,Civic,2017,EX,47050,Electric,SUV
KI-284,Kia,Sportage,2017,SX,32902,Hybrid,SUV
TO-285,Toyota,Camry,2016,HTX,43090,Petrol,Coupe
KI-286,Kia,Sportage,2023,SE,32903,Petrol,Sedan
HY-287,Hyundai,i20,2019,EX,32559,Hybrid,Sedan
FO-288,Ford,Escape,2015,SE,37929,Petrol,Sedan
TO-289,Toyota,Camry,2018,XLE,37658,Electric,Hatchback
KI-290,Kia,Sonet,2023,EX,48056,Hybrid,Sedan
KI-291,Kia,Sportage,2016,HTX,23451,Hybrid,Hatchback
FO-292,Ford,Focus,2022,SX,45316,Hybrid,Coupe
KI-293,Kia,Seltos,2020,EX,39067,Hybrid,Sedan
HY-294,Hyundai,i20,2017,SX,31283,Electric,Sedan
KI-295,Kia,Sonet,2024,XLE,42184,Petrol,SUV
TO-296,Toyota,RAV4,2016,SX,18031,Petrol,Sedan
HY-297,Hyundai,Verna,2021,VX,48681,Petrol,Coupe
HY-298,Hyundai,Creta,2015,XLE,21668,Petrol,SUV
FO-299,Ford,Escape,2023,XLE,15962,Petrol,Hatchback
HY-300,Hyundai,Creta,2018,SE,39672,Hybrid,Coupe
HY-301,Hyundai,Creta,2020,XLE,41170,Diesel,Sedan
HO-302,Honda,CR-V,2015,SE,30760,Hybrid,SUV
KI-303,Kia,Seltos,2015,EX,15448,Diesel,SUV
TO-304,Toyota,RAV4,2018,HTX,26300,Diesel,Coupe
HY-305,Hyundai,Creta,2022,EX,46738,Hybrid,Sedan
KI-306,Kia,Sonet,2023,VX,15157,Electric,Sedan
TO-307,Toyota,RAV4,2022,EX,15658,Diesel,Hatchback
TO-308,Toyota,Corolla,2017,HTX,36161,Hybrid,Coupe
TO-309,Toyota,Corolla,2022,EX,22101,Diesel,Sedan
HO-310,Honda,City,2016,VX,38692,Hybrid,Sedan
KI-311,Kia,Sportage,2024,LE,42182,Petrol,Sedan
HY-312,Hyundai,Verna,2024,HTX,25635,Petrol,Hatchback
KI-313,Kia,Sonet,2019,XLE,48813,Diesel,Hatchback
FO-314,Ford,Focus,2018,SE,43479,Electric,Coupe
TO-315,Toyota,Corolla,2020,SX,36065,Petrol,Coupe
KI-316,Kia,Seltos,2022,LE,15609,Diesel,SUV
HO-317,Honda,City,2017,VX,26981,Diesel,SUV
KI-318,Kia,Sportage,2021,SX,22692,Electric,SUV
HY-319,Hyundai,Creta,2022,VX,47492,Petrol,Coupe
FO-320,Ford,Mustang,2022,SE,40685,Diesel,Hatchback
HY-321,Hyundai,Creta,2016,XLE,43101,Hybrid,Sedan
KI-322,Kia,Sportage,2017,SE,20733,Diesel,SUV
TO-323,Toyota,RAV4,2016,XLE,18212,Hybrid,SUV
FO-324,Ford,Focus,2023,HTX,22475,Hybrid,Hatchback
TO-325,Toyota,RAV4,2017,XLE,41066,Diesel,Hatchback
FO-326,Ford,Focus,2016,SE,29754,Hybrid,Coupe
HO-327,Honda,Civic,2016,SX,28910,Petrol,Sedan
HY-328,Hyundai,Verna,2023,LE,22084,Petrol,SUV
HY-329,Hyundai,i20,2022,EX,47170,Diesel,Sedan
TO-330,Toyota,Camry,2023,VX,41729,Hybrid,Coupe
FO-331,Ford,Escape,2015,LE,24982,Hybrid,SUV
FO-332,Ford,Mustang,2022,XLE,21171,Electric,SUV
KI-333,Kia,Sportage,2024,XLE,23532,Hybrid,Hatchback
HO-334,Honda,CR-V,2024,XLE,44126,Electric,Hatchback
KI-335,Kia,Sonet,2017,EX,15990,Diesel,SUV
FO-336,Ford,Focus,2017,EX,45000,Petrol,SUV
HY-337,Hyundai,i20,2022,XLE,30360,Diesel,Coupe
TO-338,Toyota,Corolla,2019,XLE,25406,Hybrid,SUV
KI-339,Kia,Seltos,2017,SX,26892,Hybrid,SUV
HY-340,Hyundai,i20,2023,HTX,49752,Hybrid,Hatchback
HY-341,Hyundai,Verna,2015,EX,18976,Diesel,Sedan
TO-342,Toyota,Corolla,2023,SX,48818,Electric,Hatchback
FO-343,Ford,Focus,2016,LE,25321,Diesel,Sedan
TO-344,Toyota,Corolla,2015,HTX,43643,Diesel,Sedan
KI-345,Kia,Sonet,2021,HTX,35248,Petrol,SUV
TO-346,Toyota,RAV4,2024,XLE,39578,Diesel,SUV
HY-347,Hyundai,Creta,2015,EX,42100,Hybrid,Hatchback
TO-348,Toyota,RAV4,2023,VX,48937,Petrol,Hatchback
KI-349,Kia,Sonet,2016,LE,41931,Diesel,Hatchback
KI-350,Kia,Sonet,2023,LE,19031,Hybrid,Hatchback
KI-351,Kia,Sonet,2023,HTX,37488,Electric,SUV
TO-352,Toyota,Camry,2018,SE,33440,Electric,Sedan
HO-353,Honda,City,2024,LE,20792,Hybrid,Hatchback
HY-354,Hyundai,i20,2016,XLE,47290,Petrol,SUV
KI-355,Kia,Sonet,2015,LE,27544,Petrol,Sedan
TO-356,Toyota,RAV4,2021,VX,38508,Diesel,Coupe
HO-357,Honda,City,2022,SX,40432,Electric,Coupe
TO-358,Toyota,Corolla,2024,LE,29950,Electric,SUV
KI-359,Kia,Sportage,2015,LE,19121,Hybrid,Hatchback
HY-360,Hyundai,i20,2024,EX,17590,Petrol,Sedan
HY-361,Hyundai,Verna,2019,SX,19365,Hybrid,Sedan
HY-362,Hyundai,Verna,2017,HTX,39492,Hybrid,Hatchback
HO-363,Honda,CR-V,2019,SX,24846,Diesel,Hatchback
TO-364,Toyota,Corolla,2024,SE,43773,Petrol,Coupe
HO-365,Honda,CR-V,2024,SX,15421,Hybrid,SUV
TO-366,Toyota,RAV4,2019,LE,47833,Electric,SUV
TO-367,Toyota,Camry,2019,XLE,49015,Hybrid,Coupe
KI-368,Kia,Seltos,2022,LE,25470,Hybrid,SUV
HO-369,Honda,Civic,2015,HTX,38511,Hybrid,Coupe
TO-370,Toyota,RAV4,2017,SE,16442,Diesel,SUV
HY-371,Hyundai,Creta,2021,VX,26022,Electric,SUV
KI-372,Kia,Sportage,2023,XLE,46742,Petrol,Hatchback
HY-373,Hyundai,i20,2018,SE,25506,Petrol,Hatchback
HO-374,Honda,CR-V,2018,LE,16202,Electric,SUV
HO-375,Honda,Civic,2022,SE,48119,Petrol,Sedan
TO-376,Toyota,Camry,2016,XLE,29040,Petrol,Coupe
KI-377,Kia,Sonet,2019,EX,25180,Electric,SUV
HO-378,Honda,Civic,2024,SX,43733,Hybrid,Coupe
HY-379,Hyundai,i20,2022,XLE,47731,Petrol,Hatchback
HY-380,Hyundai,Verna,2017,VX,37769,Hybrid,SUV
HO-381,Honda,City,2018,SX,16563,Hybrid,SUV
TO-382,Toyota,Corolla,2024,HTX,43340,Petrol,SUV
TO-383,Toyota,Corolla,2016,XLE,48395,Electric,Coupe
FO-384,Ford,Mustang,2016,SE,35963,Diesel,Hatchback
HY-385,Hyundai,Creta,2019,VX,17223,Petrol,Coupe
FO-386,Ford,Mustang,2020,VX,45537,Electric,Hatchback
FO-387,Ford,Mustang,2016,HTX,31015,Electric,SUV
HY-388,Hyundai,Verna,2021,SX,34005,Hybrid,Sedan
KI-389,Kia,Sonet,2022,VX,38337,Electric,Sedan
HY-390,Hyundai,Verna,2019,SX,26671,Petrol,Hatchback
HY-391,Hyundai,i20,2019,VX,41236,Hybrid,SUV
KI-392,Kia,Seltos,2024,LE,18920,Hybrid,Hatchback
HY-393,Hyundai,Verna,2020,VX,19675,Electric,Hatchback
TO-394,Toyota,Corolla,2022,LE,48675,Petrol,Hatchback
HY-395,Hyundai,Verna,2020,VX,16267,Hybrid,SUV
HY-396,Hyundai,i20,2024,SE,21517,Diesel,Sedan
HY-397,Hyundai,Creta,2021,LE,49059,Electric,Hatchback
KI-398,Kia,Sportage,2023,EX,49694,Diesel,Hatchback
HO-399,Honda,CR-V,2015,LE,29988,Electric,Sedan
KI-400,Kia,Sportage,2020,SX,40290,Hybrid,Hatchback
TO-401,Toyota,Camry,2020,VX,26173,Diesel,Sedan
HY-402,Hyundai,i20,2015,EX,34306,Petrol,Hatchback
TO-403,Toyota,Corolla,2021,EX,44243,Electric,Sedan
KI-404,Kia,Sportage,2021,HTX,38954,Hybrid,Coupe
HO-405,Honda,City,2021,SX,28586,Electric,Sedan
HY-406,Hyundai,Verna,2017,XLE,42179,Diesel,Hatchback
TO-407,Toyota,Camry,2015,EX,39571,Petrol,Sedan
HO-408,Honda,CR-V,2016,XLE,30057,Hybrid,Sedan
FO-409,Ford,Escape,2017,HTX,23133,Hybrid,Sedan
HO-410,Honda,City,2016,VX,46663,Electric,Sedan
HO-411,Honda,Civic,2020,HTX,28950,Electric,SUV
FO-412,Ford,Mustang,2022,HTX,22770,Electric,Hatchback
TO-413,Toyota,Corolla,2015,HTX,17565,Electric,Sedan
FO-414,Ford,Mustang,2019,SX,22921,Electric,Sedan
FO-415,Ford,Focus,2015,SE,32778,Petrol,Hatchback
HO-416,Honda,City,2021,SX,41530,Diesel,Coupe
TO-417,Toyota,RAV4,2019,XLE,46304,Hybrid,Sedan
TO-418,Toyota,Camry,2023,SE,24654,Hybrid,Sedan
TO-419,Toyota,RAV4,2024,HTX,32995,Diesel,SUV
HY-420,Hyundai,Creta,2015,SX,35846,Petrol,SUV
FO-421,Ford,Mustang,2018,SE,29150,Hybrid,Sedan
KI-422,Kia,Seltos,2023,SE,28771,Diesel,Sedan
HY-423,Hyundai,Verna,2019,XLE,34735,Petrol,SUV
KI-424,Kia,Seltos,2015,VX,39815,Electric,Sedan
HY-425,Hyundai,Verna,2019,EX,26399,Electric,Hatchback
TO-426,Toyota,RAV4,2017,EX,18584,Petrol,Sedan
HO-427,Honda,CR-V,2020,SE,48139,Petrol,Coupe
HO-428,Honda,Civic,2021,XLE,19347,Diesel,SUV
HY-429,Hyundai,Verna,2023,LE,38199,Hybrid,SUV
TO-430,Toyota,Corolla,2024,VX,28946,Petrol,Coupe
FO-431,Ford,Focus,2023,LE,30059,Petrol,Coupe
TO-432,Toyota,Corolla,2019,HTX,37019,Hybrid,Hatchback
TO-433,Toyota,Camry,2015,HTX,40574,Diesel,Sedan
HY-434,Hyundai,Creta,2021,XLE,30931,Electric,Hatchback
TO-435,Toyota,Camry,2016,EX,43456,Petrol,Sedan
KI-436,Kia,Seltos,2021,XLE,36554,Petrol,Hatchback
HO-437,Honda,CR-V,2021,VX,21234,Electric,Sedan
TO-438,Toyota,Corolla,2015,VX,35259,Hybrid,Hatchback
HY-439,Hyundai,i20,2018,SX,39141,Diesel,SUV
HY-440,Hyundai,i20,2016,LE,30965,Petrol,Hatchback
TO-441,Toyota,Camry,2016,HTX,48751,Petrol,SUV
HY-442,Hyundai,Creta,2018,SX,25475,Petrol,SUV
HO-443,Honda,Civic,2021,LE,24425,Diesel,SUV
HY-444,Hyundai,Verna,2023,VX,28943,Hybrid,SUV
HY-445,Hyundai,Creta,2024,LE,32653,Diesel,Coupe
FO-446,Ford,Escape,2021,HTX,48445,Electric,Sedan
KI-447,Kia,Sportage,2015,EX,16759,Hybrid,Coupe
HY-448,Hyundai,Creta,2024,SX,34122,Petrol,Sedan
HY-449,Hyundai,Verna,2016,LE,24089,Petrol,Sedan
FO-450,Ford,Mustang,2018,SE,30051,Petrol,Sedan
HY-451,Hyundai,Verna,2016,EX,41370,Hybrid,Hatchback
HO-452,Honda,City,2019,LE,37302,Petrol,Coupe
FO-453,Ford,Focus,2015,HTX,22985,Petrol,Sedan
FO-454,Ford,Mustang,2024,SE,38238,Petrol,Coupe
TO-455,Toyota,Camry,2018,VX,16240,Diesel,Hatchback
FO-456,Ford,Focus,2021,XLE,28887,Electric,Coupe
FO-457,Ford,Focus,2024,VX,24610,Electric,Hatchback
FO-458,Ford,Escape,2019,SX,20552,Hybrid,Sedan
TO-459,Toyota,Camry,2024,LE,23774,Electric,Coupe
HO-460,Honda,CR-V,2024,HTX,30541,Hybrid,Coupe
HY-461,Hyundai,Verna,2017,SE,39896,Diesel,SUV
KI-462,Kia,Seltos,2024,EX,28412,Diesel,Sedan
HY-463,Hyundai,Creta,2024,HTX,30192,Petrol,SUV
FO-464,Ford,Focus,2022,EX,18810,Hybrid,SUV
HY-465,Hyundai,Verna,2023,VX,33469,Diesel,Coupe
HY-466,Hyundai,Verna,2019,HTX,31871,Hybrid,Hatchback
FO-467,Ford,Focus,2024,EX,15503,Diesel,Sedan
FO-468,Ford,Focus,2020,LE,47286,Petrol,Sedan
HO-469,Honda,CR-V,2020,XLE,44487,Hybrid,Hatchback
HO-470,Honda,CR-V,2019,SE,17992,Petrol,Coupe
FO-471,Ford,Mustang,2016,HTX,49732,Hybrid,Coupe
HY-472,Hyundai,Verna,2016,VX,15051,Electric,Sedan
KI-473,Kia,Sonet,2016,SE,24477,Electric,Hatchback
KI-474,Kia,Seltos,2020,HTX,39388,Diesel,Coupe
KI-475,Kia,Sportage,2022,LE,47266,Diesel,Sedan
FO-476,Ford,Mustang,2020,EX,36602,Diesel,Coupe
FO-477,Ford,Focus,2015,SX,35541,Diesel,Hatchback
FO-478,Ford,Escape,2017,VX,18520,Electric,Coupe
TO-479,Toyota,Camry,2021,VX,16142,Diesel,SUV
HY-480,Hyundai,i20,2020,HTX,20117,Petrol,Hatchback
HY-481,Hyundai,Verna,2019,EX,37561,Hybrid,Sedan
FO-482,Ford,Mustang,2024,EX,31875,Diesel,Hatchback
FO-483,Ford,Focus,2016,LE,21235,Hybrid,Sedan
FO-484,Ford,Focus,2019,XLE,44296,Petrol,Sedan
TO-485,Toyota,RAV4,2024,XLE,43688,Petrol,SUV
HO-486,Honda,CR-V,2020,LE,17001,Diesel,Sedan
FO-487,Ford,Focus,2021,LE,24730,Petrol,SUV
HO-488,Honda,City,2023,EX,20755,Petrol,Sedan
KI-489,Kia,Sportage,2020,SX,36710,Hybrid,Coupe
FO-490,Ford,Mustang,2023,SX,34135,Diesel,Coupe
HY-491,Hyundai,Creta,2020,XLE,32974,Petrol,SUV
FO-492,Ford,Focus,2021,SX,36547,Petrol,SUV
TO-493,Toyota,Camry,2018,SX,23126,Electric,Sedan
HO-494,Honda,City,2019,VX,48330,Petrol,SUV
TO-495,Toyota,Corolla,2021,EX,31154,Diesel,SUV
TO-496,Toyota,RAV4,2020,LE,30212,Electric,SUV
TO-497,Toyota,Corolla,2024,SX,38998,Petrol,Coupe
HO-498,Honda,Civic,2020,VX,44251,Petrol,Hatchback
HY-499,Hyundai,Creta,2019,LE,32194,Hybrid,Hatchback
TO-500,Toyota,Camry,2018,EX,19916,Electric,Coupe
KI-501,Kia,Sonet,2015,SE,43774,Electric,Hatchback
FO-502,Ford,Escape,2020,VX,15220,Petrol,Sedan
KI-503,Kia,Seltos,2020,SE,20038,Hybrid,Sedan
HO-504,Honda,CR-V,2017,EX,22109,Hybrid,Hatchback
HO-505,Honda,City,2020,HTX,35330,Electric,Coupe
HY-506,Hyundai,Verna,2015,SX,26626,Electric,Coupe
FO-507,Ford,Focus,2015,SX,27647,Electric,Coupe
KI-508,Kia,Seltos,2024,SX,29197,Hybrid,Coupe
KI-509,Kia,Sportage,2024,SE,40735,Petrol,Hatchback
HO-510,Honda,CR-V,2018,SX,45089,Diesel,Coupe
FO-511,Ford,Focus,2018,HTX,28429,Electric,Sedan
TO-512,Toyota,Corolla,2017,VX,24634,Hybrid,Coupe
TO-513,Toyota,Camry,2018,EX,49599,Electric,Hatchback
HO-514,Honda,Civic,2018,LE,38291,Hybrid,Hatchback
HY-515,Hyundai,Creta,2020,HTX,22928,Petrol,Hatchback
FO-516,Ford,Mustang,2019,XLE,31798,Electric,SUV
FO-517,Ford,Escape,2024,VX,44016,Petrol,SUV
FO-518,Ford,Focus,2020,HTX,38426,Hybrid,Hatchback
KI-519,Kia,Sportage,2018,XLE,45323,Electric,Sedan
HO-520,Honda,CR-V,2024,EX,45651,Electric,Hatchback
KI-521,Kia,Sportage,2016,SE,46724,Electric,SUV
KI-522,Kia,Seltos,2016,EX,17266,Hybrid,SUV
KI-523,Kia,Sportage,2017,HTX,42330,Electric,Hatchback
TO-524,Toyota,RAV4,2023,LE,34002,Electric,Hatchback
KI-525,Kia,Sportage,2022,EX,28011,Hybrid,SUV
HY-526,Hyundai,Verna,2017,HTX,44220,Electric,Hatchback
KI-527,Kia,Seltos,2022,XLE,43516,Electric,Coupe
HO-528,Honda,City,2023,SX,15714,Petrol,Sedan
HY-529,Hyundai,i20,2016,VX,31113,Diesel,Hatchback
HO-530,Honda,Civic,2016,EX,27122,Electric,Coupe
FO-531,Ford,Focus,2021,HTX,21728,Diesel,Sedan
HY-532,Hyundai,Verna,2024,LE,23063,Petrol,SUV
HO-533,Honda,Civic,2021,LE,44605,Diesel,SUV
FO-534,Ford,Mustang,2023,LE,45948,Diesel,Sedan
HO-535,Honda,CR-V,2018,SX,22701,Electric,Sedan
HO-536,Honda,Civic,2018,SE,19979,Petrol,Coupe
FO-537,Ford,Escape,2017,LE,42994,Electric,Sedan
TO-538,Toyota,RAV4,2018,XLE,17321,Petrol,Hatchback
FO-539,Ford,Focus,2023,LE,24574,Diesel,Sedan
HO-540,Honda,CR-V,2022,HTX,15690,Electric,Hatchback
HO-541,Honda,City,2018,LE,38137,Electric,SUV
TO-542,Toyota,Corolla,2024,VX,18613,Petrol,Coupe
TO-543,Toyota,Camry,2018,SE,24416,Electric,SUV
TO-544,Toyota,Corolla,2015,HTX,49238,Electric,Hatchback
FO-545,Ford,Mustang,2019,EX,30941,Diesel,Coupe
FO-546,Ford,Escape,2022,SE,42357,Electric,Coupe
TO-547,Toyota,Corolla,2016,SE,29348,Hybrid,SUV
FO-548,Ford,Mustang,2023,LE,31079,Petrol,Sedan
TO-549,Toyota,Corolla,2024,VX,35781,Diesel,SUV
FO-550,Ford,Focus,2015,SX,28720,Electric,Coupe
HY-551,Hyundai,Verna,2016,SE,48243,Hybrid,SUV
KI-552,Kia,Sportage,2023,XLE,25824,Petrol,Sedan
TO-553,Toyota,RAV4,2015,SX,48591,Hybrid,Coupe
KI-554,Kia,Sportage,2021,LE,33999,Petrol,Coupe
FO-555,Ford,Mustang,2020,SX,32896,Electric,SUV
KI-556,Kia,Sportage,2018,VX,22315,Diesel,SUV
KI-557,Kia,Sonet,2024,EX,47153,Diesel,Coupe
KI-558,Kia,Sonet,2020,HTX,36792,Petrol,SUV
HO-559,Honda,CR-V,2017,HTX,47366,Hybrid,SUV
HO-560,Honda,CR-V,2016,HTX,30756,Electric,Coupe
HY-561,Hyundai,Verna,2015,VX,48662,Diesel,Hatchback
FO-562,Ford,Focus,2017,VX,21425,Petrol,Hatchback
HY-563,Hyundai,Verna,2023,SE,17822,Hybrid,SUV
FO-564,Ford,Escape,2018,SE,15661,Electric,Sedan
FO-565,Ford,Escape,2023,XLE,24442,Petrol,Coupe
KI-566,Kia,Sportage,2024,SE,26213,Hybrid,Sedan
HY-567,Hyundai,Creta,2016,XLE,24186,Petrol,SUV
TO-568,Toyota,Camry,2017,LE,26179,Diesel,Sedan
KI-569,Kia,Seltos,2016,SX,30475,Hybrid,Sedan
KI-570,Kia,Seltos,2015,HTX,27713,Electric,SUV
HO-571,Honda,City,2021,VX,49578,Electric,Sedan
HY-572,Hyundai,i20,2017,EX,36796,Petrol,Hatchback
KI-573,Kia,Seltos,2016,SX,39742,Electric,SUV
HY-574,Hyundai,i20,2018,SE,26039,Hybrid,Hatchback
TO-575,Toyota,Camry,2017,XLE,22686,Hybrid,SUV
KI-576,Kia,Sonet,2019,SE,39537,Hybrid,SUV
HY-577,Hyundai,Creta,2015,SX,23260,Petrol,Coupe
TO-578,Toyota,RAV4,2021,HTX,34404,Petrol,SUV
KI-579,Kia,Sportage,2019,SX,29352,Petrol,Sedan
HY-580,Hyundai,Creta,2018,SX,21077,Diesel,Sedan
KI-581,Kia,Sportage,2019,VX,33180,Electric,Sedan
HY-582,Hyundai,Creta,2024,HTX,34095,Hybrid,Coupe
KI-583,Kia,Sportage,2022,LE,38178,Hybrid,SUV
HO-584,Honda,Civic,2019,HTX,27297,Petrol,SUV
KI-585,Kia,Sportage,2016,LE,19941,Diesel,Sedan
FO-586,Ford,Mustang,2019,EX,18807,Electric,Hatchback
HY-587,Hyundai,Creta,2015,VX,48078,Electric,Sedan
FO-588,Ford,Focus,2015,EX,28392,Petrol,Sedan
KI-589,Kia,Sportage,2024,VX,41162,Petrol,SUV
FO-590,Ford,Escape,2022,VX,37268,Electric,SUV
HO-591,Honda,Civic,2020,SX,31737,Electric,Hatchback
HO-592,Honda,CR-V,2020,XLE,48579,Petrol,Sedan
FO-593,Ford,Escape,2019,XLE,33588,Hybrid,Hatchback
HO-594,Honda,City,2019,XLE,47794,Petrol,Coupe
TO-595,Toyota,Camry,2019,LE,35735,Diesel,Hatchback
KI-596,Kia,Sonet,2016,XLE,30865,Petrol,SUV
HY-597,Hyundai,i20,2020,SE,37725,Hybrid,Sedan
TO-598,Toyota,Camry,2021,VX,38033,Diesel,Hatchback
HO-599,Honda,City,2024,EX,47723,Hybrid,Hatchback
HO-600,Honda,CR-V,2016,XLE,45046,Petrol,SUV
HY-601,Hyundai,i20,2021,VX,32503,Petrol,Coupe
TO-602,Toyota,Corolla,2018,EX,40557,Hybrid,Hatchback
HY-603,Hyundai,Verna,2023,SX,40666,Electric,SUV
HY-604,Hyundai,i20,2019,LE,40497,Petrol,Coupe
KI-605,Kia,Seltos,2018,EX,44490,Diesel,Sedan
FO-606,Ford,Focus,2021,SE,28844,Diesel,Coupe
HO-607,Honda,Civic,2018,SX,25137,Diesel,Coupe
HY-608,Hyundai,Verna,2017,VX,16510,Diesel,SUV
FO-609,Ford,Mustang,2023,HTX,43492,Petrol,Hatchback
FO-610,Ford,Focus,2021,VX,38219,Hybrid,Hatchback
FO-611,Ford,Mustang,2017,LE,17690,Hybrid,Hatchback
FO-612,Ford,Focus,2022,EX,16021,Hybrid,Coupe
KI-613,Kia,Sportage,2023,VX,28423,Petrol,Coupe
FO-614,Ford,Escape,2017,XLE,45880,Petrol,Hatchback
HO-615,Honda,City,2016,EX,40758,Hybrid,Sedan
HY-616,Hyundai,Creta,2021,LE,29582,Electric,Coupe
TO-617,Toyota,RAV4,2022,HTX,34792,Petrol,SUV
HO-618,Honda,Civic,2021,VX,33870,Diesel,Coupe
KI-619,Kia,Sportage,2017,VX,19337,Hybrid,Hatchback
HY-620,Hyundai,Verna,2019,SX,44986,Petrol,SUV
TO-621,Toyota,Corolla,2019,LE,29418,Diesel,Sedan
HO-622,Honda,City,2019,SX,35633,Petrol,Hatchback
FO-623,Ford,Focus,2021,LE,22825,Hybrid,Sedan
TO-624,Toyota,Camry,2016,LE,49650,Hybrid,Coupe
TO-625,Toyota,Corolla,2020,SE,23155,Petrol,Hatchback
HO-626,Honda,CR-V,2024,XLE,20821,Diesel,SUV
TO-627,Toyota,Camry,2021,SX,26546,Hybrid,Sedan
TO-628,Toyota,Corolla,2018,SX,16361,Electric,Hatchback
HY-629,Hyundai,Creta,2024,VX,30710,Hybrid,SUV
TO-630,Toyota,Camry,2023,EX,47931,Electric,SUV
FO-631,Ford,Escape,2021,LE,21012,Diesel,Hatchback
HO-632,Honda,CR-V,2022,VX,18477,Diesel,Sedan
HY-633,Hyundai,i20,2015,VX,49317,Diesel,Sedan
FO-634,Ford,Focus,2024,VX,34384,Diesel,Sedan
FO-635,Ford,Mustang,2019,LE,35838,Petrol,Hatchback
TO-636,Toyota,RAV4,2021,VX,19627,Petrol,Sedan
KI-637,Kia,Sonet,2019,LE,31202,Hybrid,Coupe
HO-638,Honda,CR-V,2016,XLE,20034,Petrol,Hatchback
KI-639,Kia,Sonet,2016,XLE,34790,Electric,SUV
FO-640,Ford,Escape,2024,LE,41581,Diesel,Coupe
HY-641,Hyundai,i20,2019,SX,44726,Petrol,Coupe
KI-642,Kia,Sonet,2021,SE,16619,Petrol,Hatchback
HO-643,Honda,City,2021,SX,28644,Electric,Coupe
HY-644,Hyundai,Verna,2015,HTX,33356,Electric,Hatchback
FO-645,Ford,Escape,2022,VX,18868,Electric,Coupe
FO-646,Ford,Focus,2024,VX,24993,Electric,Hatchback
HY-647,Hyundai,Verna,2022,HTX,41285,Petrol,Hatchback
TO-648,Toyota,RAV4,2024,LE,23055,Electric,Sedan
KI-649,Kia,Seltos,2017,SE,30561,Petrol,Coupe
KI-650,Kia,Sportage,2015,SX,22109,Petrol,Coupe
KI-651,Kia,Sonet,2019,EX,45093,Petrol,SUV
HY-652,Hyundai,i20,2018,XLE,20766,Hybrid,Sedan
KI-653,Kia,Seltos,2018,EX,32899,Diesel,SUV
KI-654,Kia,Seltos,2022,XLE,29981,Hybrid,SUV
FO-655,Ford,Focus,2021,SX,39177,Electric,SUV
TO-656,Toyota,Corolla,2021,LE,17885,Hybrid,Hatchback
HO-657,Honda,City,2016,SE,30370,Electric,SUV
KI-658,Kia,Sonet,2021,VX,36484,Electric,Sedan
TO-659,Toyota,Camry,2020,HTX,36781,Electric,Coupe
KI-660,Kia,Sonet,2024,VX,49109,Electric,SUV
HY-661,Hyundai,i20,2017,VX,31438,Electric,Sedan
HO-662,Honda,Civic,2015,LE,28773,Electric,SUV
HY-663,Hyundai,Verna,2022,HTX,23187,Hybrid,Hatchback
HY-664,Hyundai,Verna,2024,SX,38803,Diesel,Sedan
TO-665,Toyota,Corolla,2015,SE,21209,Electric,SUV
HY-666,Hyundai,i20,2017,EX,43742,Diesel,SUV
HO-667,Honda,CR-V,2019,HTX,17140,Diesel,Sedan
KI-668,Kia,Sonet,2016,HTX,35220,Hybrid,SUV
FO-669,Ford,Focus,2022,VX,32162,Hybrid,Hatchback
HY-670,Hyundai,Creta,2021,SX,22456,Electric,Hatchback
HY-671,Hyundai,Verna,2017,SE,44022,Electric,Sedan
HY-672,Hyundai,Verna,2020,LE,25790,Diesel,Coupe
KI-673,Kia,Seltos,2024,VX,25319,Petrol,SUV
TO-674,Toyota,RAV4,2018,XLE,46734,Petrol,Coupe
TO-675,Toyota,Camry,2023,LE,20106,Diesel,Coupe
FO-676,Ford,Mustang,2021,VX,16200,Diesel,Sedan
FO-677,Ford,Focus,2016,SE,48084,Petrol,Hatchback
KI-678,Kia,Sportage,2018,EX,38359,Diesel,SUV
KI-679,Kia,Seltos,2023,EX,49999,Diesel,Coupe
TO-680,Toyota,RAV4,2024,SE,27999,Diesel,Hatchback
KI-681,Kia,Sonet,2018,EX,20137,Petrol,SUV
KI-682,Kia,Sonet,2015,LE,19258,Petrol,Hatchback
HY-683,Hyundai,Verna,2023,HTX,23906,Electric,Sedan
HO-684,Honda,City,2020,VX,36585,Diesel,SUV
FO-685,Ford,Mustang,2018,SX,21013,Diesel,Sedan
TO-686,Toyota,RAV4,2024,EX,35810,Diesel,Hatchback
HY-687,Hyundai,Creta,2018,LE,36700,Petrol,Coupe
TO-688,Toyota,Corolla,2021,VX,30592,Electric,Sedan
FO-689,Ford,Escape,2022,EX,44188,Petrol,Coupe
TO-690,Toyota,RAV4,2019,LE,26122,Electric,Sedan
KI-691,Kia,Sportage,2022,SX,27051,Hybrid,Hatchback
HY-692,Hyundai,Verna,2015,SX,25215,Petrol,Coupe
TO-693,Toyota,RAV4,2022,VX,35978,Hybrid,Coupe
HY-694,Hyundai,i20,2016,SE,39169,Diesel,SUV
KI-695,Kia,Sonet,2015,SX,44184,Petrol,SUV
HY-696,Hyundai,Verna,2020,VX,24995,Hybrid,Sedan
TO-697,Toyota,Camry,2022,SE,45734,Electric,Sedan
FO-698,Ford,Escape,2017,LE,43580,Hybrid,SUV
KI-699,Kia,Seltos,2017,SX,17213,Electric,SUV
HY-700,Hyundai,Verna,2017,XLE,30549,Petrol,Sedan
FO-701,Ford,Escape,2024,SX,36022,Hybrid,Hatchback
HY-702,Hyundai,Creta,2018,LE,21567,Hybrid,Hatchback
HO-703,Honda,City,2020,XLE,33132,Diesel,SUV
HY-704,Hyundai,Verna,2016,EX,46834,Hybrid,Sedan
FO-705,Ford,Escape,2017,LE,20047,Electric,Hatchback
TO-706,Toyota,Corolla,2017,HTX,35271,Electric,SUV
HY-707,Hyundai,Creta,2022,XLE,20373,Diesel,Coupe
FO-708,Ford,Mustang,2024,EX,28426,Petrol,SUV
HO-709,Honda,Civic,2021,SE,31889,Petrol,SUV
KI-710,Kia,Sportage,2019,SX,47954,Diesel,Hatchback
FO-711,Ford,Focus,2020,EX,38260,Petrol,Coupe
TO-712,Toyota,RAV4,2017,LE,26379,Hybrid,SUV
TO-713,Toyota,Camry,2021,SE,47017,Electric,Coupe
HO-714,Honda,Civic,2015,SE,19808,Hybrid,SUV
HO-715,Honda,City,2020,VX,32426,Electric,SUV
HO-716,Honda,CR-V,2022,SE,43284,Electric,Coupe
HO-717,Honda,Civic,2024,SE,33335,Hybrid,Hatchback
HY-718,Hyundai,i20,2015,EX,44166,Hybrid,Sedan
HO-719,Honda,City,2024,XLE,23232,Petrol,Hatchback
HY-720,Hyundai,i20,2022,VX,45781,Diesel,Coupe
KI-721,Kia,Seltos,2022,EX,39146,Electric,Coupe
FO-722,Ford,Focus,2024,SX,22137,Electric,SUV
HO-723,Honda,CR-V,2023,EX,17119,Diesel,Sedan
HY-724,Hyundai,i20,2016,VX,20339,Hybrid,Hatchback
FO-725,Ford,Focus,2022,SX,42831,Diesel,Hatchback
TO-726,Toyota,Corolla,2023,SE,16073,Hybrid,SUV
FO-727,Ford,Escape,2018,VX,25169,Hybrid,Coupe
FO-728,Ford,Escape,2015,SE,16082,Petrol,Coupe
HO-729,Honda,CR-V,2018,XLE,26225,Petrol,Hatchback
HY-730,Hyundai,Verna,2017,VX,27750,Diesel,SUV
HY-731,Hyundai,Creta,2018,VX,31756,Diesel,Sedan
FO-732,Ford,Mustang,2015,VX,39150,Diesel,Sedan
FO-733,Ford,Mustang,2023,XLE,23473,Hybrid,Sedan
TO-734,Toyota,Corolla,2015,SX,40745,Petrol,Coupe
TO-735,Toyota,Camry,2018,HTX,47392,Petrol,Sedan
HY-736,Hyundai,Creta,2021,SE,46647,Petrol,Sedan
HY-737,Hyundai,Creta,2018,EX,27993,Petrol,Coupe
HO-738,Honda,CR-V,2016,LE,20077,Electric,Coupe
FO-739,Ford,Focus,2017,LE,37863,Electric,Hatchback
HY-740,Hyundai,i20,2023,SX,48878,Electric,Coupe
HY-741,Hyundai,Creta,2018,SE,18277,Hybrid,Hatchback
TO-742,Toyota,Camry,2017,VX,18950,Hybrid,Hatchback
HY-743,Hyundai,Creta,2016,LE,43000,Diesel,Hatchback
HO-744,Honda,Civic,2022,VX,38074,Electric,Hatchback
KI-745,Kia,Sonet,2017,HTX,40374,Electric,Coupe
TO-746,Toyota,RAV4,2024,LE,34606,Electric,SUV
KI-747,Kia,Seltos,2021,SX,35598,Electric,Sedan
HY-748,Hyundai,Verna,2017,VX,28905,Hybrid,Hatchback
KI-749,Kia,Sportage,2019,HTX,20699,Hybrid,SUV
TO-750,Toyota,Corolla,2024,VX,27479,Petrol,Sedan
TO-751,Toyota,Camry,2015,LE,27718,Petrol,Hatchback
KI-752,Kia,Sonet,2021,EX,34369,Electric,Coupe
TO-753,Toyota,RAV4,2017,VX,48387,Diesel,Coupe
HY-754,Hyundai,i20,2021,HTX,28962,Hybrid,Coupe
HY-755,Hyundai,Creta,2023,SE,34619,Diesel,Coupe
TO-756,Toyota,Camry,2015,LE,15813,Petrol,Coupe
TO-757,Toyota,RAV4,2020,HTX,29950,Hybrid,Coupe
KI-758,Kia,Sonet,2019,VX,41322,Hybrid,SUV
HO-759,Honda,Civic,2022,LE,49226,Hybrid,SUV
FO-760,Ford,Escape,2018,XLE,35908,Electric,Hatchback
HY-761,Hyundai,Creta,2015,XLE,40235,Petrol,Sedan
KI-762,Kia,Sonet,2021,EX,18256,Diesel,Coupe
FO-763,Ford,Mustang,2015,EX,32924,Electric,Hatchback
HY-764,Hyundai,Verna,2017,XLE,27330,Hybrid,Hatchback
TO-765,Toyota,RAV4,2018,SE,47315,Hybrid,SUV
HO-766,Honda,Civic,2022,SX,18809,Hybrid,Sedan
HO-767,Honda,Civic,2023,HTX,46226,Hybrid,Coupe
HY-768,Hyundai,Verna,2015,LE,15349,Hybrid,Coupe
HY-769,Hyundai,Creta,2018,SX,45763,Hybrid,Sedan
FO-770,Ford,Escape,2021,SE,36935,Electric,SUV
HO-771,Honda,Civic,2023,HTX,42942,Electric,Hatchback
KI-772,Kia,Sonet,2021,XLE,49387,Hybrid,Coupe
FO-773,Ford,Escape,2022,LE,26600,Electric,Hatchback
KI-774,Kia,Sportage,2024,LE,42592,Diesel,Sedan
HO-775,Honda,CR-V,2020,XLE,17540,Electric,Hatchback
HY-776,Hyundai,i20,2021,VX,16725,Hybrid,SUV
HO-777,Honda,Civic,2022,VX,33356,Electric,Coupe
TO-778,Toyota,Camry,2022,LE,38414,Diesel,Hatchback
HY-779,Hyundai,Creta,2023,LE,40591,Electric,Hatchback
TO-780,Toyota,Corolla,2015,LE,38727,Petrol,SUV
HO-781,Honda,City,2015,XLE,46697,Hybrid,Coupe
TO-782,Toyota,RAV4,2022,HTX,20471,Diesel,Hatchback
FO-783,Ford,Focus,2023,HTX,47106,Petrol,Hatchback
KI-784,Kia,Seltos,2023,SX,20372,Petrol,Sedan
KI-785,Kia,Sportage,2018,HTX,15417,Electric,Sedan
TO-786,Toyota,RAV4,2019,VX,38793,Electric,Coupe
FO-787,Ford,Escape,2022,EX,22598,Electric,Coupe
HY-788,Hyundai,i20,2015,SE,36981,Petrol,Coupe
HO-789,Honda,CR-V,2024,SX,42442,Hybrid,SUV
HY-790,Hyundai,Verna,2021,VX,27587,Petrol,SUV
KI-791,Kia,Sonet,2018,XLE,28616,Electric,Hatchback
HO-792,Honda,Civic,2017,VX,27684,Diesel,Coupe
HO-793,Honda,Civic,2017,LE,16132,Petrol,Coupe
HY-794,Hyundai,Creta,2024,XLE,34465,Petrol,Sedan
HY-795,Hyundai,Verna,2021,SX,25549,Petrol,Coupe
FO-796,Ford,Escape,2016,HTX,41797,Petrol,Sedan
TO-797,Toyota,Camry,2017,SX,22679,Diesel,SUV
HO-798,Honda,City,2024,SX,33994,Petrol,Coupe
TO-799,Toyota,RAV4,2017,SE,35272,Electric,Hatchback
KI-800,Kia,Seltos,2018,EX,29391,Electric,Hatchback
FO-801,Ford,Mustang,2018,VX,22934,Electric,Sedan
HO-802,Honda,Civic,2023,SE,48126,Petrol,Sedan
HO-803,Honda,CR-V,2017,HTX,18099,Electric,Sedan
FO-804,Ford,Escape,2024,EX,39351,Hybrid,SUV
KI-805,Kia,Seltos,2016,SE,35360,Hybrid,SUV
TO-806,Toyota,Corolla,2022,LE,31353,Petrol,Hatchback
HY-807,Hyundai,Verna,2020,SE,43164,Electric,Coupe
KI-808,Kia,Sportage,2017,EX,49519,Petrol,Hatchback
FO-809,Ford,Focus,2017,SE,49001,Petrol,Sedan
FO-810,Ford,Focus,2017,XLE,15241,Petrol,Coupe
HO-811,Honda,CR-V,2023,VX,37518,Diesel,Hatchback
KI-812,Kia,Sonet,2019,XLE,20904,Hybrid,Coupe
KI-813,Kia,Seltos,2022,VX,25640,Petrol,Sedan
TO-814,Toyota,Corolla,2017,LE,35358,Hybrid,Coupe
FO-815,Ford,Mustang,2015,EX,34327,Petrol,SUV
FO-816,Ford,Escape,2020,SX,29874,Diesel,SUV
TO-817,Toyota,Camry,2024,VX,28057,Electric,Sedan
KI-818,Kia,Sonet,2016,HTX,16496,Hybrid,SUV
HY-819,Hyundai,Creta,2015,VX,20288,Petrol,SUV
FO-820,Ford,Focus,2019,SX,34732,Hybrid,Hatchback
TO-821,Toyota,RAV4,2021,XLE,46765,Petrol,Coupe
TO-822,Toyota,Camry,2022,XLE,44337,Petrol,Hatchback
KI-823,Kia,Sportage,2020,HTX,19599,Hybrid,Sedan
FO-824,Ford,Focus,2017,SX,25310,Hybrid,SUV
TO-825,Toyota,RAV4,2018,LE,21756,Electric,Coupe
KI-826,Kia,Sportage,2017,LE,40249,Petrol,Coupe
TO-827,Toyota,Corolla,2017,XLE,37105,Petrol,Sedan
KI-828,Kia,Sonet,2021,VX,41138,Electric,Coupe
HO-829,Honda,City,2021,EX,16112,Petrol,Sedan
FO-830,Ford,Focus,2017,XLE,33840,Hybrid,Coupe
FO-831,Ford,Focus,2024,HTX,21968,Electric,SUV
KI-832,Kia,Seltos,2017,LE,49796,Hybrid,Hatchback
HY-833,Hyundai,Creta,2016,XLE,22352,Diesel,Sedan
FO-834,Ford,Mustang,2016,LE,40399,Electric,Coupe
KI-835,Kia,Sonet,2021,EX,34700,Petrol,Sedan
KI-836,Kia,Seltos,2024,XLE,34821,Petrol,SUV
FO-837,Ford,Mustang,2018,VX,21229,Hybrid,SUV
HY-838,Hyundai,Verna,2021,SX,23051,Hybrid,SUV
HY-839,Hyundai,Creta,2022,LE,47118,Hybrid,Hatchback
HO-840,Honda,Civic,2018,VX,16385,Petrol,Hatchback
HO-841,Honda,Civic,2018,SE,41159,Diesel,SUV
KI-842,Kia,Sportage,2020,SX,43568,Petrol,Hatchback
HY-843,Hyundai,Creta,2018,VX,28894,Electric,Sedan
HO-844,Honda,City,2018,HTX,18441,Electric,Coupe
HY-845,Hyundai,Verna,2018,EX,30349,Petrol,Coupe
FO-846,Ford,Focus,2023,XLE,22069,Diesel,SUV
TO-847,Toyota,RAV4,2023,VX,35089,Electric,Hatchback
FO-848,Ford,Escape,2017,LE,17914,Hybrid,Hatchback
TO-849,Toyota,RAV4,2015,SE,48952,Hybrid,Sedan
HO-850,Honda,CR-V,2021,VX,35541,Diesel,Sedan
HY-851,Hyundai,Creta,2017,XLE,45944,Electric,Hatchback
FO-852,Ford,Mustang,2020,SX,23016,Petrol,SUV
HY-853,Hyundai,i20,2015,SE,30747,Electric,Hatchback
TO-854,Toyota,Camry,2024,HTX,25579,Petrol,SUV
HY-855,Hyundai,i20,2016,SE,20258,Petrol,SUV
HO-856,Honda,CR-V,2023,SE,49401,Petrol,Coupe
HO-857,Honda,City,2015,SX,15276,Diesel,SUV
TO-858,Toyota,Corolla,2020,EX,15251,Hybrid,Coupe
HO-859,Honda,CR-V,2019,EX,18099,Hybrid,SUV
FO-860,Ford,Mustang,2023,XLE,34910,Electric,Coupe
KI-861,Kia,Sportage,2015,XLE,17799,Electric,Coupe
HO-862,Honda,City,2023,XLE,37316,Electric,Sedan
HO-863,Honda,City,2019,LE,25982,Electric,Sedan
HO-864,Honda,CR-V,2016,EX,39185,Hybrid,Sedan
TO-865,Toyota,Corolla,2016,SE,42497,Hybrid,Hatchback
KI-866,Kia,Sonet,2016,SE,15629,Hybrid,Hatchback
HO-867,Honda,Civic,2022,VX,39970,Diesel,Coupe
FO-868,Ford,Mustang,2015,XLE,27025,Diesel,Hatchback
TO-869,Toyota,RAV4,2018,LE,31975,Hybrid,Sedan
KI-870,Kia,Sonet,2023,SX,27915,Diesel,Coupe
TO-871,Toyota,RAV4,2022,LE,46455,Diesel,SUV
KI-872,Kia,Seltos,2022,VX,40322,Hybrid,SUV
TO-873,Toyota,Corolla,2020,SX,15840,Petrol,Coupe
HO-874,Honda,Civic,2023,SE,38990,Diesel,Coupe
KI-875,Kia,Seltos,2019,LE,42944,Petrol,Sedan
TO-876,Toyota,Corolla,2015,SE,26676,Electric,Hatchback
HY-877,Hyundai,i20,2015,HTX,46528,Hybrid,Sedan
FO-878,Ford,Mustang,2019,VX,37939,Petrol,Sedan
HY-879,Hyundai,Creta,2024,HTX,32073,Petrol,SUV
FO-880,Ford,Focus,2021,VX,33654,Petrol,Coupe
KI-881,Kia,Seltos,2016,VX,36317,Petrol,Sedan
HO-882,Honda,CR-V,2017,SX,48704,Diesel,Sedan
HO-883,Honda,Civic,2015,HTX,41667,Hybrid,Hatchback
HY-884,Hyundai,Verna,2019,HTX,34993,Diesel,SUV
KI-885,Kia,Sportage,2015,LE,25190,Diesel,Coupe
FO-886,Ford,Focus,2024,HTX,25071,Electric,Hatchback
FO-887,Ford,Mustang,2019,XLE,45176,Electric,SUV
KI-888,Kia,Sonet,2020,EX,47145,Diesel,SUV
HO-889,Honda,CR-V,2022,VX,25812,Electric,Coupe
KI-890,Kia,Seltos,2024,VX,19872,Diesel,SUV
FO-891,Ford,Focus,2020,XLE,28304,Hybrid,Coupe
KI-892,Kia,Sportage,2015,SX,27466,Electric,Hatchback
FO-893,Ford,Escape,2024,EX,39432,Hybrid,SUV
FO-894,Ford,Mustang,2024,LE,29120,Petrol,SUV
TO-895,Toyota,Camry,2021,SX,49970,Diesel,Coupe
FO-896,Ford,Escape,2024,HTX,36675,Diesel,Sedan
KI-897,Kia,Seltos,2016,VX,49639,Hybrid,SUV
TO-898,Toyota,RAV4,2016,SE,18272,Hybrid,Coupe
HY-899,Hyundai,Creta,2021,EX,34365,Diesel,SUV
TO-900,Toyota,Camry,2016,VX,37104,Petrol,Hatchback
HO-901,Honda,Civic,2017,VX,43614,Hybrid,SUV
HO-902,Honda,CR-V,2024,SE,46183,Electric,SUV
TO-903,Toyota,RAV4,2017,SX,18696,Petrol,Hatchback
HY-904,Hyundai,Verna,2017,SE,26996,Petrol,SUV
HY-905,Hyundai,Creta,2019,SE,48719,Electric,Hatchback
KI-906,Kia,Sportage,2022,SX,37660,Electric,Sedan
HO-907,Honda,City,2018,VX,24914,Diesel,SUV
FO-908,Ford,Mustang,2020,EX,31415,Electric,Coupe
TO-909,Toyota,RAV4,2019,EX,34394,Petrol,Sedan
KI-910,Kia,Seltos,2016,SX,16479,Diesel,SUV
HY-911,Hyundai,Verna,2024,XLE,39383,Diesel,Sedan
HY-912,Hyundai,Creta,2019,SE,25915,Diesel,SUV
TO-913,Toyota,Camry,2023,EX,44602,Electric,Hatchback
HO-914,Honda,Civic,2018,LE,34290,Diesel,Coupe
FO-915,Ford,Mustang,2016,XLE,28958,Electric,Sedan
HO-916,Honda,CR-V,2015,EX,28295,Diesel,SUV
TO-917,Toyota,Camry,2017,SX,46455,Electric,SUV
FO-918,Ford,Focus,2024,LE,46888,Diesel,Hatchback
FO-919,Ford,Focus,2020,SE,27406,Electric,Coupe
TO-920,Toyota,Camry,2024,HTX,44574,Hybrid,SUV
TO-921,Toyota,Camry,2019,SX,43162,Diesel,Hatchback
KI-922,Kia,Sportage,2023,LE,46044,Diesel,Coupe
HO-923,Honda,CR-V,2024,HTX,40984,Hybrid,Sedan
TO-924,Toyota,Corolla,2016,LE,24432,Electric,Hatchback
HO-925,Honda,City,2017,XLE,16402,Diesel,Hatchback
KI-926,Kia,Seltos,2021,XLE,20256,Diesel,Coupe
HY-927,Hyundai,Creta,2022,HTX,37367,Petrol,SUV
TO-928,Toyota,Corolla,2024,SX,25010,Diesel,Hatchback
KI-929,Kia,Seltos,2021,HTX,16180,Electric,Sedan
HY-930,Hyundai,Creta,2022,VX,46680,Electric,Sedan
HY-931,Hyundai,Verna,2023,EX,22649,Electric,Sedan
HO-932,Honda,CR-V,2022,VX,23547,Electric,Coupe
FO-933,Ford,Escape,2016,SE,27726,Petrol,SUV
TO-934,Toyota,RAV4,2022,LE,34846,Diesel,SUV
KI-935,Kia,Seltos,2024,HTX,30872,Hybrid,Hatchback
FO-936,Ford,Mustang,2019,LE,23376,Hybrid,SUV
FO-937,Ford,Focus,2018,VX,36370,Petrol,SUV
TO-938,Toyota,Corolla,2023,XLE,27698,Diesel,Sedan
TO-939,Toyota,Corolla,2021,HTX,24260,Petrol,SUV
FO-940,Ford,Escape,2017,SE,49070,Electric,Coupe
HO-941,Honda,Civic,2019,VX,32025,Diesel,Hatchback
TO-942,Toyota,RAV4,2022,EX,35303,Diesel,Sedan
HO-943,Honda,CR-V,2018,EX,34144,Diesel,SUV
KI-944,Kia,Sportage,2024,EX,44303,Diesel,Hatchback
KI-945,Kia,Seltos,2020,SX,45525,Hybrid,SUV
HO-946,Honda,Civic,2020,HTX,34732,Diesel,Hatchback
TO-947,Toyota,RAV4,2021,LE,26875,Petrol,Coupe
FO-948,Ford,Mustang,2022,SE,17879,Petrol,SUV
HO-949,Honda,Civic,2021,LE,43271,Electric,Hatchback
FO-950,Ford,Mustang,2020,SX,19335,Electric,Coupe
HO-951,Honda,CR-V,2019,HTX,39677,Petrol,Coupe
HO-952,Honda,CR-V,2024,HTX,43107,Hybrid,Sedan
TO-953,Toyota,Corolla,2022,HTX,18411,Petrol,Sedan
HO-954,Honda,Civic,2018,EX,17008,Electric,Coupe
TO-955,Toyota,Corolla,2016,VX,20884,Petrol,Sedan
HO-956,Honda,Civic,2020,HTX,45480,Petrol,Hatchback
KI-957,Kia,Sonet,2022,XLE,28384,Electric,Sedan
HY-958,Hyundai,i20,2016,XLE,49792,Hybrid,Hatchback
KI-959,Kia,Seltos,2016,HTX,23353,Electric,Sedan
HO-960,Honda,Civic,2023,SE,46836,Diesel,Hatchback
KI-961,Kia,Sonet,2020,HTX,40877,Diesel,Sedan
HY-962,Hyundai,i20,2016,SX,40995,Electric,Coupe
HY-963,Hyundai,Creta,2022,XLE,31000,Electric,Hatchback
HY-964,Hyundai,i20,2015,EX,22693,Petrol,Coupe
HY-965,Hyundai,Verna,2016,VX,23779,Electric,Hatchback
TO-966,Toyota,RAV4,2019,SE,34549,Petrol,Sedan
HY-967,Hyundai,Verna,2024,HTX,34258,Petrol,Sedan
FO-968,Ford,Mustang,2015,VX,17073,Petrol,Hatchback
HY-969,Hyundai,Creta,2021,EX,49761,Hybrid,Hatchback
FO-970,Ford,Focus,2018,EX,31917,Diesel,SUV
HO-971,Honda,CR-V,2023,HTX,38561,Hybrid,Sedan
FO-972,Ford,Escape,2023,HTX,17387,Petrol,SUV
HO-973,Honda,City,2021,SX,33481,Electric,Sedan
TO-974,Toyota,Camry,2016,SE,31661,Petrol,SUV
TO-975,Toyota,Camry,2015,EX,37527,Diesel,Coupe
FO-976,Ford,Mustang,2022,LE,35506,Diesel,Sedan
FO-977,Ford,Escape,2017,LE,26651,Petrol,Hatchback
TO-978,Toyota,Camry,2018,SX,23732,Electric,SUV
HY-979,Hyundai,Creta,2017,HTX,25689,Electric,SUV
TO-980,Toyota,Corolla,2018,XLE,19621,Hybrid,Sedan
HY-981,Hyundai,i20,2015,SE,47425,Electric,Hatchback
HY-982,Hyundai,i20,2024,VX,32611,Petrol,Sedan
TO-983,Toyota,RAV4,2018,LE,17087,Hybrid,SUV
TO-984,Toyota,Corolla,2023,LE,35166,Electric,SUV
FO-985,Ford,Focus,2015,VX,20116,Electric,SUV
KI-986,Kia,Seltos,2016,LE,48160,Electric,Hatchback
HY-987,Hyundai,Creta,2016,SX,27760,Petrol,Hatchback
KI-988,Kia,Seltos,2017,HTX,30151,Hybrid,Hatchback
TO-989,Toyota,RAV4,2017,SX,18242,Diesel,Hatchback
HO-990,Honda,CR-V,2018,XLE,24979,Diesel,Sedan
FO-991,Ford,Mustang,2018,VX,38954,Diesel,Sedan
HY-992,Hyundai,Verna,2015,SX,47407,Electric,Coupe
TO-993,Toyota,Corolla,2019,HTX,39244,Hybrid,SUV
HO-994,Honda,CR-V,2020,EX,38659,Hybrid,Hatchback
KI-995,Kia,Sonet,2019,SX,36255,Electric,Sedan
TO-996,Toyota,Camry,2016,SX,28834,Electric,Sedan
HY-997,Hyundai,Creta,2019,SX,45630,Diesel,Sedan
HY-998,Hyundai,Verna,2024,HTX,17639,Electric,Sedan
HO-999,Honda,City,2024,EX,22952,Electric,Sedan
FO-1000,Ford,Focus,2017,HTX,47812,Hybrid,SUV
HY-1001,Hyundai,i20,2016,SX,1284114,Electric,Coupe
MA-1002,Maruti,Dzire,2022,XLE,1812392,Hybrid,Coupe
HY-1003,Hyundai,i20,2019,XLE,1073109,Petrol,SUV
MA-1004,Mahindra,Scorpio,2020,LE,1838946,Diesel,Hatchback
HO-1005,Honda,WR-V,2018,HTX,1957817,Electric,SUV
TA-1006,Tata,Safari,2020,LE,887767,Diesel,Coupe
HY-1007,Hyundai,i10,2021,VX,2018530,Electric,Coupe
TA-1008,Tata,Nexon,2018,SX,844404,Petrol,Hatchback
TA-1009,Tata,Nexon,2019,XLE,2884201,Hybrid,SUV
TA-1010,Tata,Altroz,2022,SE,818124,Electric,Coupe
TA-1011,Tata,Safari,2024,HTX,1339033,Electric,Sedan
HO-1012,Honda,Amaze,2024,XLE,2886427,Diesel,Sedan
TA-1013,Tata,Altroz,2019,HTX,1571727,Electric,Sedan
MA-1014,Maruti,Dzire,2015,HTX,1965045,Electric,Hatchback
HO-1015,Honda,City,2019,SE,808015,Electric,Coupe
HO-1016,Honda,City,2018,EX,1807315,Electric,SUV
TA-1017,Tata,Nexon,2015,EX,677830,Hybrid,Coupe
MA-1018,Maruti,Swift,2022,SE,1764275,Hybrid,Coupe
MA-1019,Mahindra,Scorpio,2019,VX,1901993,Hybrid,Coupe
HY-1020,Hyundai,i20,2016,LE,1574664,Electric,Sedan
TA-1021,Tata,Harrier,2019,VX,1819465,Electric,SUV
MA-1022,Maruti,Dzire,2023,EX,1113348,Electric,Hatchback
MA-1023,Mahindra,Scorpio,2024,SX,599596,Hybrid,Hatchback
TA-1024,Tata,Safari,2023,VX,514681,Electric,SUV
MA-1025,Maruti,Swift,2017,SE,2692964,Diesel,Hatchback
MA-1026,Maruti,Baleno,2019,LE,1148567,Electric,Coupe
HY-1027,Hyundai,Venue,2018,SE,2560305,Petrol,Hatchback
HO-1028,Honda,WR-V,2024,EX,1995528,Diesel,Coupe
MA-1029,Mahindra,XUV700,2021,LE,2591636,Petrol,Sedan
HY-1030,Hyundai,Venue,2016,EX,1907986,Diesel,Coupe
HY-1031,Hyundai,i10,2016,LE,775152,Electric,SUV
HY-1032,Hyundai,Creta,2022,LE,1850560,Diesel,Sedan
TA-1033,Tata,Nexon,2020,VX,672024,Petrol,SUV
HY-1034,Hyundai,Creta,2022,XLE,2862599,Hybrid,Hatchback
HY-1035,Hyundai,i20,2018,LE,2897839,Diesel,Sedan
MA-1036,Maruti,Swift,2023,SX,2486669,Petrol,SUV
HY-1037,Hyundai,i20,2019,SX,1729600,Hybrid,Coupe
TA-1038,Tata,Altroz,2020,LE,2656467,Petrol,Coupe
MA-1039,Mahindra,Bolero,2018,SX,2152667,Diesel,Hatchback
MA-1040,Maruti,Swift,2015,EX,1138599,Electric,SUV
HY-1041,Hyundai,i10,2024,SE,652973,Hybrid,Hatchback
MA-1042,Mahindra,XUV700,2015,LE,1109619,Electric,Sedan
MA-1043,Maruti,Dzire,2016,HTX,1026482,Diesel,SUV
TA-1044,Tata,Harrier,2024,VX,2270470,Electric,Sedan
HO-1045,Honda,Amaze,2024,XLE,952433,Electric,Hatchback
HY-1046,Hyundai,i10,2024,XLE,1507838,Diesel,SUV
MA-1047,Maruti,Dzire,2017,LE,1853003,Diesel,Coupe
MA-1048,Mahindra,XUV700,2022,EX,2113324,Diesel,Coupe
MA-1049,Mahindra,Scorpio,2022,LE,2930902,Electric,Coupe
HO-1050,Honda,WR-V,2017,LE,1281994,Diesel,Coupe
